Title,Published By,Product Code,Pubilshed Date,Content Info,Price
Global Nano-Copper Particles Market Professional Survey Report 2022,QYResearch,1070481,"April 20, 2022",103 Pages,USD 3500
"Global Monocrystalline Diamond Market Report, History and Forecast 2017-2028",QYResearch,1070480,"April 20, 2022",96 Pages,USD 3350
"Global Industrial Inkjet Printheads Market Report, History and Forecast 2017-2028",QYResearch,1070478,"April 20, 2022",102 Pages,USD 3350
Global Float Glass Market Research Report 2022,QYResearch,1070476,"April 20, 2022",151 Pages,USD 2900
Global Electrostatic Chucks (ESCs) In Semiconductor Market Research Report 2022,QYResearch,1070474,"April 20, 2022",135 Pages,USD 2900
Global Anti-Caking Agents for Fertilizer Market Research Report 2022,QYResearch,1070472,"April 20, 2022",138 Pages,USD 2900
"Global Acetaldehyde Market Insights, Forecast to 2028",QYResearch,1070471,"April 20, 2022",171 Pages,USD 4900
"Global Synthetic Fibres (Polyester, Nylon, Acrylic & Polyolefin) Market: Insights & Forecast with Potential Impact of COVID-19 (2022-2026)",Koncept Analytics,1070417,"April 18, 2022",105 Pages,USD 1400
Global Helium Market: Insights & Forecast with Potential Impact of COVID-19 (2022-2026),Koncept Analytics,1070416,"April 18, 2022",87 Pages,USD 1300
Global Petrochemical Market (By Type & Region): Insights & Forecast with Potential Impact of COVID-19 (2022-2026),Koncept Analytics,1070414,"April 18, 2022",104 Pages,USD 1400
"Global Surfactants Market (Non-ionic, Anionic & Cationic): Insights & Forecast with Potential Impact of COVID-19 (2022-2026)",Koncept Analytics,1070412,"April 18, 2022",116 Pages,USD 1600
Re-Refined Base Oil Market - Global Outlook & Forecast 2022-2027,Arizton Advisory & Intelligence,1069856,"April 14, 2022",294 Pages,USD 3750
Poly Alpha Olefin (PAO) Market - Global Outlook & Forecast 2022-2027,Arizton Advisory & Intelligence,1069854,"April 14, 2022",222 Pages,USD 3750
Medical Device Packaging Market - Global Outlook & Forecast 2022-2027,Arizton Advisory & Intelligence,1069849,"April 14, 2022",299 Pages,USD 3750
Group II & III Base Oil Market - Global Outlook & Forecast 2022-2027,Arizton Advisory & Intelligence,1069847,"April 14, 2022",259 Pages,USD 3750
Garden Pesticides Market - Global Outlook & Forecast 2022-2027,Arizton Advisory & Intelligence,1069845,"April 14, 2022",287 Pages,USD 3500
Data Center Fire Detection and Suppression Market - Global Outlook & Forecast 2022-2027,Arizton Advisory & Intelligence,1069840,"April 14, 2022",379 Pages,USD 3750
Base Oil Market - Global Outlook & Forecast 2022-2027,Arizton Advisory & Intelligence,1069836,"April 14, 2022",268 Pages,USD 3750
Vietnam Short Fiber Thermoplastic (SFT) Market Research Report 2022,QYResearch,1069722,"April 14, 2022",80 Pages,USD 3400
Global Zinc Aluminum Magnesium Coated Steel Market Research Report 2022,QYResearch,1069718,"April 14, 2022",141 Pages,USD 2900
Global Polybutene-1(Resin) Market Research Report 2022,QYResearch,1069714,"April 14, 2022",107 Pages,USD 2900
"Global Paint Grade Zinc Dust Market Report, History and Forecast 2017-2029",QYResearch,1069713,"April 14, 2022",136 Pages,USD 3350
"Global Organoclay Market Report, History and Forecast 2017-2028",QYResearch,1069711,"April 14, 2022",149 Pages,USD 3350
"Global CPP Packaging Films Market Report, History and Forecast 2017-2028",QYResearch,1069701,"April 14, 2022",133 Pages,USD 3350
Africa and GCC Cocamidopropyl Betaine (CAPB) Market Report & Forecast 2022-2028,QYResearch,1069695,"April 14, 2022",109 Pages,USD 3900
Global High Purity Electronic Grade Phosphoric Acid Market Research Report 2022,QYResearch,1068652,"April 14, 2022",127 Pages,USD 2900
"Cladding Systems Market by Material (Ceramic, Wood, Brick & Stone, Vinyl, Stucco & EIFS, Metal, Fiber Cement), Use, Application (Residential, Non-Residential), and Region (North America, Europe, APAC, MEA, South America) - Global Forecast to 2026",MarketsandMarkets,1070462,"April 13, 2022",157 Pages,USD 4950
"Hollow Fiber Filtration Market Size, Share & Trends Analysis By Material, By Technique, By Application, By End User, Regional Outlook, Competitive Strategies and Segment Forecasts to 2030",SPER Market Research Pvt. Ltd.,1070365,"April 13, 2022",213 Pages,USD 4250
"Aerospace Wires & Cables Market Size, Share, Trend, Forecast, & Industry Analysis: 2022-2027",Stratview Research,1069956,"April 13, 2022",138 Pages,USD 4990
Additive Technology Markets for Engineered Solid Dosage Forms,Greystone Research Associates,1069891,"April 13, 2022",,USD 3850
"Pine-Derived Chemicals Market by Type (TOFA, TOR, Gum Turpentine, Gum Rosin, Pitch, and Sterols), Application (Paints & Coatings, Adhesives & Sealants, Surfactants, and Printing Inks), Source, Process and Region - Global Forecast to 2027",MarketsandMarkets,1069885,"April 12, 2022",256 Pages,USD 4950
"Synthetic Paper Market by Raw Material (BOPP, HDPE, PET, and PVC), Application (Printing, Labels & Tags, Packaging), End-use Industry (Industrial, Institutional, and Commercial/Retail) and Geography - Global Forecast to 2027",MarketsandMarkets,1069884,"April 12, 2022",193 Pages,USD 4950
"Surface Disinfectant Market by Composition, Formulation, Application, End User - Global Forecast to 2029",Meticulous Market Research Pvt. Ltd.,1069367,"April 12, 2022",245 Pages,USD 4175
Furnace Carbon Black Markets & Pricing March 2022,Rubber Chemical Consultants Ltd,1070341,"April 11, 2022","80 Pages, 29 Tables, 38 Figures",USD 2700
"Electrocoating Market by Type (Cathodic Epoxy, Cathodic Acrylic, Anodic), Application (Passenger Cars, Commercial Vehicles, Automotive Parts & Accessories, Heavy-Duty Equipment, Appliances) and Region - Global Forecast to 2026",MarketsandMarkets,1069883,"April 11, 2022",239 Pages,USD 4950
Global Stationary Emission Control Catalyst Market 2022-2026,TechNavio (Infiniti Research Ltd.),1069818,"April 11, 2022",120 Pages,USD 2500
Global Industrial and Institutional Cleaners Market 2022-2026,TechNavio (Infiniti Research Ltd.),1069814,"April 11, 2022",120 Pages,USD 2500
Global Polyurethane Composites Market 2022-2026,TechNavio (Infiniti Research Ltd.),1069809,"April 11, 2022",120 Pages,USD 2500
Global Ambient Food Packaging Market 2022-2026,TechNavio (Infiniti Research Ltd.),1069805,"April 11, 2022",120 Pages,USD 2500
Global Roofing Chemicals Market 2022-2026,TechNavio (Infiniti Research Ltd.),1069803,"April 11, 2022",120 Pages,USD 2500
"Global Benzene Market (Capacity, Supply & Demand): Insights & Forecast with Potential Impact of COVID-19 (2022-2026)",Koncept Analytics,1069189,"April 11, 2022",81 Pages,USD 1250
"Global Cosmetic Chemicals Market (by Product Type, Consumption & Region): Insights & Forecast with Potential Impact of COVID-19 (2022-2026)",Koncept Analytics,1069183,"April 11, 2022",103 Pages,USD 1400
Global Flexible Lid Stock Packaging Market 2022-2026,TechNavio (Infiniti Research Ltd.),1069787,"April 10, 2022",120 Pages,USD 2500
Global Metal Bonding Adhesives Market 2022-2026,TechNavio (Infiniti Research Ltd.),1069786,"April 10, 2022",120 Pages,USD 2500
Global Breastmilk Storage Bags and Bottles Market 2022-2026,TechNavio (Infiniti Research Ltd.),1069783,"April 8, 2022",120 Pages,USD 2500
Global Polymeric Nanoparticles Market 2022-2026,TechNavio (Infiniti Research Ltd.),1069781,"April 7, 2022",120 Pages,USD 2500
Global Non-PVC IV Bags Market 2022-2026,TechNavio (Infiniti Research Ltd.),1069779,"April 7, 2022",120 Pages,USD 2500
Global Silicone Fluid Market 2022-2026,TechNavio (Infiniti Research Ltd.),1069776,"April 7, 2022",120 Pages,USD 2500
"Battery Coating Market by Battery Component (Electrode Coating, Separator Coating, Battery Pack Coating), Material Type (PVDF, Ceramic, Alumina, Oxide, Carbon), and Region (Asia Pacific, North America, Europe, ROW) - Global Forecast to 2027",MarketsandMarkets,1069667,"April 7, 2022",256 Pages,USD 4950
Linerless Labeling 2022,AWA - Alexander Watson Associates,1068660,"April 7, 2022",150 Pages,USD 5475
"Global Styrene-Isoprene-Styrene Block Copolymer (SIS) Market Report, History and Forecast 2017-2028",QYResearch,1068538,"April 7, 2022",141 Pages,USD 3350
"Global Auto Labeler (Print & Apply System) Market Report, History and Forecast 2017-2028",QYResearch,1068534,"April 7, 2022",141 Pages,USD 3350
"Global and United States Silicon Carbide (SiC) Substrate Market Insights, Forecast to 2028",QYResearch,1068533,"April 7, 2022",149 Pages,USD 3900
Global HTCC Ceramic Substrates Market Research Report 2022,QYResearch,1067414,"April 7, 2022",145 Pages,USD 2900
Ceramic Tiles Market in GCC 2022-2026,TechNavio (Infiniti Research Ltd.),1069766,"April 6, 2022",120 Pages,USD 2500
Plastic Crates Market in India 2022-2026,TechNavio (Infiniti Research Ltd.),1069743,"April 6, 2022",120 Pages,USD 2500
"Polyethylene Terephthalate (PET) & Polybutylene Terephthalate (PBT) Resins Market by PET Type, PET Application (Bottles, Films, Food Packaging), PBT Application (Electrical & Electronics, Automotive, Consumer Appliance), Region - Global Forecast -2026",MarketsandMarkets,1069337,"April 6, 2022",221 Pages,USD 4950
"Agricultural Micronutrients Market by Type (Zinc, Boron, Iron, Manganese, Molybdenum, and Copper), Mode of Application (Soil, Foliar, and Fertigation), Form (Chelated and Non-Chelated micronutrients), Crop Type and Region - Global Forecast to 2027",MarketsandMarkets,1069335,"April 6, 2022",310 Pages,USD 4950
Powder Metallurgy: Global Markets,BCC Research,1069163,"April 6, 2022",290 Pages,USD 5500
The Print Industry's Response to the Russia-Ukraine War and What It Means,IDC,1069114,"April 6, 2022",5 Pages,USD 4500
"Acrylic Polymer Market for Cleaning Application by Type(Water-borne & Solvent-borne), Application(Laundry & Detergent, Dish Washing, Industrial & Institutional, Hard Surface Cleaning) & Region(APAC, North America, Europe, RoW) - Global Forecast to 2026",MarketsandMarkets,1069082,"April 5, 2022",139 Pages,USD 4950
Flexible Intermediate Bulk Container Market in North America 2022-2026,TechNavio (Infiniti Research Ltd.),1068808,"April 5, 2022",120 Pages,USD 2500
Global Reflective Materials Market 2022-2026,TechNavio (Infiniti Research Ltd.),1068800,"April 5, 2022",120 Pages,USD 2500
Global Personal Care Chemicals Market 2022-2026,TechNavio (Infiniti Research Ltd.),1068799,"April 5, 2022",120 Pages,USD 2500
Global Surface Disinfectants Market 2022-2026,TechNavio (Infiniti Research Ltd.),1068704,"April 5, 2022",120 Pages,USD 2500
Global Packaged Ice Melter Market Research Report 2022,QYResearch,1068404,"April 5, 2022",124 Pages,USD 2900
"Global Isoprene Rubber (IR) Market Report, History and Forecast 2017-2028",QYResearch,1068402,"April 5, 2022",118 Pages,USD 3350
Global Grain Oriented Electrical Steel Market Research Report 2022,QYResearch,1068401,"April 5, 2022",118 Pages,USD 2900
Global Electronic Grade Sulfur Dioxide (SO2) Market Research Report 2022,QYResearch,1068397,"April 5, 2022",69 Pages,USD 2900
Global Electronic Grade Nitrous Oxide (N2O) Market Research Report 2022,QYResearch,1068396,"April 5, 2022",100 Pages,USD 2900
Global Electronic Grade Nitric Oxide (NO) Market Research Report 2022,QYResearch,1068395,"April 5, 2022",121 Pages,USD 2900
Global Electronic Grade Dichlorosilane DCS (SiH2Cl2) Market Research Report 2022,QYResearch,1068394,"April 5, 2022",112 Pages,USD 2900
Global Electronic Grade Diborane (B2H6) Market Research Report 2022,QYResearch,1068393,"April 5, 2022",103 Pages,USD 2900
Global Copier Paper Industry Research Report Growth Trends and Competitive Analysis 2022-2028,QYResearch,1068390,"April 5, 2022",144 Pages,USD 5600
"Global Air Purification Sterilizers Market Insights, Forecast to 2028",QYResearch,1068382,"April 5, 2022",173 Pages,USD 4900
"Western Europe Hardcopy Forecast, 2021-2026",IDC,1043013,"April 5, 2022",11 Pages,USD 4500
Asphalt Companies in China,Asia Market Information & Development Co.,353297,"April 5, 2022",67 Pages,USD 1800
Foamed Plastic Companies in China,Asia Market Information & Development Co.,353295,"April 5, 2022",68 Pages,USD 1800
Asphalt Industry Forecasts - China Focus,Asia Market Information & Development Co.,353288,"April 5, 2022",88 Pages,USD 1800
Foamed Plastic Industry Forecasts - China Focus,Asia Market Information & Development Co.,353286,"April 5, 2022",89 Pages,USD 1800
High Purity Aluminum Companies in China,Asia Market Information & Development Co.,341451,"April 5, 2022",73 Pages,USD 1800
Advanced Materials Companies in China,Asia Market Information & Development Co.,341447,"April 5, 2022",140 Pages,USD 1800
Gaskets & Seals Companies in China,Asia Market Information & Development Co.,341445,"April 5, 2022",184 Pages,USD 1800
Rubber Processing Chemicals Companies in China,Asia Market Information & Development Co.,341444,"April 5, 2022",98 Pages,USD 1800
Phenolic Resins and Molding Compounds Companies in China,Asia Market Information & Development Co.,341443,"April 5, 2022",145 Pages,USD 1800
Steel Companies in China,Asia Market Information & Development Co.,341442,"April 5, 2022",122 Pages,USD 1800
Coated Paper Companies in China,Asia Market Information & Development Co.,341441,"April 5, 2022",102 Pages,USD 1800
Acrylic Resins Companies in China,Asia Market Information & Development Co.,341431,"April 5, 2022",68 Pages,USD 1800
Glass Fiber Companies in China,Asia Market Information & Development Co.,341429,"April 5, 2022",150 Pages,USD 1800
Automotive Fluids & Chemicals Companies in China,Asia Market Information & Development Co.,341427,"April 5, 2022",121 Pages,USD 1800
"Cement, Concrete & Aggregate Companies in China",Asia Market Information & Development Co.,341426,"April 5, 2022",162 Pages,USD 1800
Industrial Rubber Products Companies in China,Asia Market Information & Development Co.,341423,"April 5, 2022",164 Pages,USD 1800
Coated Fabrics Companies in China,Asia Market Information & Development Co.,341422,"April 5, 2022",96 Pages,USD 1800
Industrial Packaging Companies in China,Asia Market Information & Development Co.,341421,"April 5, 2022",108 Pages,USD 1800
Thermoset Resins Companies in China,Asia Market Information & Development Co.,341419,"April 5, 2022",178 Pages,USD 1800
Injection Molded Plastics Companies in China,Asia Market Information & Development Co.,341418,"April 5, 2022",155 Pages,USD 1800
Amino Resin Companies in China,Asia Market Information & Development Co.,341417,"April 5, 2022",59 Pages,USD 1800
Plastic Processing Machinery Companies in China,Asia Market Information & Development Co.,341416,"April 5, 2022",118 Pages,USD 1800
Roofing Materials Companies in China,Asia Market Information & Development Co.,341414,"April 5, 2022",143 Pages,USD 1800
Pharmaceutical Packaging Companies in China,Asia Market Information & Development Co.,341413,"April 5, 2022",71 Pages,USD 1800
Reinforced Plastics Companies in China,Asia Market Information & Development Co.,341412,"April 5, 2022",119 Pages,USD 1800
Polypropylene (PP) Companies in China,Asia Market Information & Development Co.,341410,"April 5, 2022",69 Pages,USD 1800
Epoxy Resin Companies in China,Asia Market Information & Development Co.,341409,"April 5, 2022",76 Pages,USD 1800
Petroleum Additives Companies in China,Asia Market Information & Development Co.,341408,"April 5, 2022",111 Pages,USD 1800
Oilfield Chemicals Companies in China,Asia Market Information & Development Co.,341407,"April 5, 2022",129 Pages,USD 1800
Petrochemicals Companies in China,Asia Market Information & Development Co.,341406,"April 5, 2022",162 Pages,USD 1800
Lubricant Additives Companies in China,Asia Market Information & Development Co.,341405,"April 5, 2022",106 Pages,USD 1800
Sealants Companies in China,Asia Market Information & Development Co.,341404,"April 5, 2022",74 Pages,USD 1800
Industrial Lubricants Companies in China,Asia Market Information & Development Co.,341402,"April 5, 2022",69 Pages,USD 1800
Automotive Coatings Companies in China,Asia Market Information & Development Co.,341401,"April 5, 2022",103 Pages,USD 1800
Industrial Coatings Companies in China,Asia Market Information & Development Co.,341400,"April 5, 2022",147 Pages,USD 1800
High Purity Aluminum Industry Forecasts - China Focus,Asia Market Information & Development Co.,339293,"April 5, 2022",76 Pages,USD 1800
Advanced Materials Industry Forecasts - China Focus,Asia Market Information & Development Co.,339289,"April 5, 2022",112 Pages,USD 1800
Gaskets & Seals Industry Forecasts - China Focus,Asia Market Information & Development Co.,339287,"April 5, 2022",94 Pages,USD 1800
Rubber Processing Chemicals Industry Forecasts - China Focus,Asia Market Information & Development Co.,339286,"April 5, 2022",99 Pages,USD 1800
Phenolic Resins and Molding Compounds Industry Forecasts - China Focus,Asia Market Information & Development Co.,339285,"April 5, 2022",82 Pages,USD 1800
Steel Industry Forecasts - China Focus,Asia Market Information & Development Co.,339284,"April 5, 2022",111 Pages,USD 1800
Coated Paper Industry Forecasts - China Focus,Asia Market Information & Development Co.,339283,"April 5, 2022",88 Pages,USD 1800
Tires Industry Forecasts - China Focus,Asia Market Information & Development Co.,339274,"April 5, 2022",88 Pages,USD 1800
Acrylic Resins Industry Forecasts - China Focus,Asia Market Information & Development Co.,339273,"April 5, 2022",88 Pages,USD 1800
Glass Fiber Industry Forecasts - China Focus,Asia Market Information & Development Co.,339271,"April 5, 2022",84 Pages,USD 1800
Automotive Fluids & Chemicals Industry Forecasts - China Focus,Asia Market Information & Development Co.,339269,"April 5, 2022",89 Pages,USD 1800
"Cement, Concrete & Aggregate Industry Forecasts - China Focus",Asia Market Information & Development Co.,339268,"April 5, 2022",97 Pages,USD 1800
Industrial Rubber Products Industry Forecasts - China Focus,Asia Market Information & Development Co.,339265,"April 5, 2022",113 Pages,USD 1800
Coated Fabrics Industry Forecasts - China Focus,Asia Market Information & Development Co.,339264,"April 5, 2022",97 Pages,USD 1800
